Date,Close,Open,High,Low,MACD_12_26_9,MACDh_12_26_9,MACDs_12_26_9,MACD_Entry/Exit,side,cost/proceeds,shares
2020-05-27,294.8590393066406,293.4893153027516,294.89790492508746,288.38929236404545,4.620964823679913,1.3190557032146444,3.301909120465268,,buy,-29485.903930664062,100.0
2020-05-28,294.3150329589844,295.9470331496014,298.0744736160692,293.6058762549018,4.971238552971499,1.3354635460049846,3.6357750069665147,0.0,hold,,100.0
2020-05-29,295.62646484375,293.8195842486089,296.24816647889907,290.91500938783116,5.29363289518443,1.326286310574332,3.967346584610098,0.0,hold,,100.0
2020-06-01,296.8212890625,294.9464308173911,297.4624382871762,294.4024308047769,5.581208367129818,1.291089426015776,4.290118941114042,0.0,hold,,100.0
2020-06-02,299.279052734375,297.7927614940795,299.3276421697564,296.3842014920817,5.938974190858971,1.3190841997959426,4.619889991063029,0.0,hold,,100.0
2020-06-03,303.26190185546875,301.3773197432636,304.27220032647455,301.08590174478985,6.469314590154454,1.47953967927314,4.989774910881314,0.0,hold,,100.0
2020-06-04,302.4653625488281,302.22250430051525,304.05852688773615,300.2504965100459,6.747557470096581,1.406226047372213,5.341331422724368,0.0,hold,,100.0
2020-06-05,310.21734619140625,308.1676372173638,312.092204376775,308.0996298065097,7.507050644158994,1.7325753771477004,5.774475267011294,0.0,hold,,100.0
2020-06-08,313.9670715332031,311.0721913129793,314.17106410655623,310.49904955732814,8.315668108149964,2.0329542729109358,6.282713835239028,0.0,hold,,100.0
2020-06-09,311.6259460449219,311.149923798775,314.0448043065908,310.23677456630213,8.66767841154899,1.90797166104797,6.759706750501021,0.0,hold,,100.0
2020-06-10,309.8871154785156,312.2379962952551,313.1802874560523,309.12939895251856,8.705982867187572,1.5570208933492404,7.148961973838332,0.0,hold,,100.0
2020-06-11,292.0224304199219,302.56248333504425,303.23277440903996,291.43959439538605,7.211676919014508,0.05017195614094039,7.161504962873567,0.0,hold,,100.0
2020-06-12,295.5196228027344,299.43449658270737,300.25049674017026,290.0698979363918,6.2377183529036415,-0.7390292879759413,6.976747640879583,-2.0,sell,29551.962280273438,0.0
2020-06-15,298.2784423828125,289.50640500229497,299.47331545137314,288.26297214992826,5.623637068430924,-1.0824884579589282,6.706125526389852,0.0,hold,,0.0
2020-06-16,304.0196533203125,306.46768337261716,306.62311620496837,298.8807942653014,5.536420557736562,-0.9357639749226321,6.4721845326591945,0.0,hold,,0.0
2020-06-17,302.7568054199219,305.09796245392357,305.40882812180854,301.9796412502095,5.304255418469268,-0.9343432913519418,6.2385987098212095,0.0,hold,,0.0
2020-06-18,302.8733825683594,301.15395681372934,303.37851706090476,300.6682403088955,5.071211900474566,-0.9339094474773155,6.0051213479518815,0.0,hold,,0.0
2020-06-19,301.1424560546875,306.53811875342666,306.74300904480623,299.083697206224,4.692756751092077,-1.0498916774878442,5.742648428579921,0.0,hold,,0.0
2020-06-22,303.07427978515625,300.50816411900564,303.49382689279213,299.2982962639693,4.496873193737542,-0.9966201878739032,5.4934933816114455,0.0,hold,,0.0
2020-06-23,304.4696044921875,305.8746260943471,306.8601004923692,304.0402906817366,4.403464705844215,-0.8720229406137854,5.275487646458,0.0,hold,,0.0
2020-06-24,296.7030029296875,302.31332318813503,302.9670605632742,294.76135379472635,3.6605415242372032,-1.2919568977766378,4.952498422013841,0.0,hold,,0.0
2020-06-25,299.8837585449219,296.0980080184079,300.16672210677075,293.96120583747586,3.2904991202136102,-1.3295994414401848,4.620098561653795,0.0,hold,,0.0
2020-06-26,292.7611389160156,298.72272957563194,298.94715310857697,292.1464679606508,2.394895111106166,-1.7801627604381034,4.175057871544269,0.0,hold,,0.0
2020-06-29,297.06396484375,294.08806820073244,297.21031504687215,291.66830232957886,2.0091641795607984,-1.7327149535867772,3.7418791331475756,0.0,hold,,0.0
2020-06-30,300.8692626953125,296.6054240931952,302.6645913684323,296.43957043098544,1.9876134016420792,-1.4034125852043973,3.3910259868464765,0.0,hold,,0.0
2020-07-01,302.976806640625,302.04990200059905,304.3135514767805,301.5620480501932,2.116201187780405,-1.0198598392528573,3.136061027033262,0.0,hold,,0.0
2020-07-02,304.6452331542969,306.6063854302174,308.0309401450739,303.94272240249705,2.325924204360774,-0.6481094581379905,2.9740336624987647,0.0,hold,,0.0
2020-07-06,309.3481140136719,308.6846399247424,309.9628146281526,307.8943190707631,2.838889437422438,-0.10811538006106147,2.9470048174834993,0.0,hold,,0.0
2020-07-07,306.1575622558594,307.7187005379441,309.8066995414464,305.75751852395894,2.9539163095692516,0.005529193668601717,2.94838711590065,2.0,hold,,0.0
2020-07-08,308.499267578125,306.9673992726233,308.616347743293,305.1038236833039,3.1971769181890295,0.19903184183070355,2.998145076358326,0.0,hold,,0.0
2020-07-09,306.7430114746094,309.1432442356393,309.39693778256304,303.13288083891376,3.211230447531534,0.17046829693856624,3.040762150592968,0.0,hold,,0.0
2020-07-10,309.87506103515625,306.6747403901429,310.15802465678985,305.1624050915243,3.435495936062523,0.3157870283756439,3.119708907686879,0.0,hold,,0.0
2020-07-13,307.1918640136719,312.35336701349655,314.87068023126807,306.4991197592692,3.3580073577156213,0.1906387600229933,3.167368597692628,0.0,hold,,0.0
2020-07-14,311.1727294921875,305.6892269117439,311.99232043104246,304.4208187441384,3.576590961482509,0.32737789103190496,3.249213070450604,0.0,hold,,0.0
2020-07-15,314.03155517578125,314.57794915087806,315.1926498169216,311.51421242686376,3.935141520828836,0.5487427603025852,3.3863987605262507,0.0,hold,,0.0
2020-07-16,312.9972839355469,312.0215762277062,313.4753711839932,311.33856892172327,4.088706315730178,0.5618460441631417,3.5268602715670365,0.0,hold,,0.0
2020-07-17,313.90472412109375,314.0608409469741,314.7340817314783,311.9728118990939,4.234814060830672,0.5663630314109085,3.6684510294197636,0.0,hold,,0.0
2020-07-20,316.4416198730469,313.62180951242937,317.2319409563786,312.83148842909765,4.503399401896161,0.6679586979811178,3.835440703915043,0.0,hold,,0.0
2020-07-21,317.1147766113281,318.51979811468306,318.98811876497695,316.07076220132024,4.716207834538068,0.7046137044984198,4.011594130039648,0.0,hold,,0.0
2020-07-22,318.9197692871094,316.7341938090224,319.25153607153504,316.6171136621581,4.973180149524524,0.7692688155878997,4.203911333936624,0.0,hold,,0.0
2020-07-23,315.1145935058594,318.53933752914617,319.28088501085244,313.6705649693661,4.814290531713027,0.48830335822112225,4.325987173491905,0.0,hold,,0.0
2020-07-24,313.08514404296875,313.15345073972003,314.1681654789926,311.4947354610676,4.473047249701779,0.11764806096789826,4.35539918873388,0.0,hold,,0.0
2020-07-27,315.36822509765625,313.81685352071617,315.5536119316523,312.9777294653286,4.336842628560362,-0.014845248138815492,4.351687876699177,-2.0,sell,0.0,0.0
2020-07-28,313.36810302734375,314.5974746694853,315.7781026059038,313.0558693693038,4.021153000933964,-0.26442790061217103,4.285580901546135,0.0,hold,,0.0
2020-07-29,317.2220764160156,314.29495337362926,317.8172735849432,314.25591672905153,4.035432189771029,-0.20011896942008534,4.235551159191115,0.0,hold,,0.0
2020-07-30,316.0903015136719,314.08034575805937,316.5293819493962,311.8752663014227,3.9103477194162224,-0.2601627518199141,4.1705104712361365,0.0,hold,,0.0
2020-07-31,318.58807373046875,317.9831397088068,318.6954170632159,313.52414828609176,3.9670371833622653,-0.16277863029909767,4.129815813661363,0.0,hold,,0.0
2020-08-03,320.8029479980469,320.3443641808819,321.6127723000686,319.768700202098,4.142928731350651,0.01049033415142997,4.132438397199221,2.0,hold,,0.0
2020-08-04,322.0421447753906,319.8955755003345,322.0421447753906,319.8955755003345,4.332375940857844,0.15995003492689897,4.172425905930945,0.0,hold,,0.0
2020-08-05,324.04229736328125,323.41785986610637,324.31552412757844,323.134896271826,4.590987767957529,0.33484948962126637,4.2561382783362625,0.0,hold,,0.0
2020-08-06,326.2083740234375,323.4276306284857,326.33522080099453,323.08612694496424,4.914077363014371,0.5263512677424869,4.387726095271884,0.0,hold,,0.0
2020-08-07,326.4425354003906,325.18386411822644,326.74500240813177,324.22765984380334,5.129888895046463,0.5937302398196627,4.5361586552268,0.0,hold,,0.0
2020-08-10,327.4183349609375,326.92071436127105,327.6134586917665,324.87172164197665,5.318353292265726,0.6257557096311404,4.692597582634586,0.0,hold,,0.0
2020-08-11,324.715576171875,328.6672110199928,329.3404518509408,323.9447883722323,5.189797879081937,0.3977602371578808,4.792037641924056,0.0,hold,,0.0
2020-08-12,329.24285888671875,327.29144318908584,330.06244990657564,327.26217314467095,5.391085588123872,0.4792383569598524,4.911847231164019,0.0,hold,,0.0
2020-08-13,328.6476135253906,328.43295663901137,330.03313156951754,327.6719058193462,5.439868800422687,0.4224172554069341,5.017451545015753,0.0,hold,,0.0
2020-08-14,328.6573791503906,328.2378319843398,329.2233062929003,327.4670145615181,5.416875483273088,0.319539150605868,5.09733633266722,0.0,hold,,0.0
2020-08-17,329.701416015625,329.73068605766497,330.1209632102774,328.6671681618949,5.420414993464874,0.2584629286381226,5.161952064826751,0.0,hold,,0.0
2020-08-18,330.4136962890625,330.12096608987116,330.86251352966985,328.4329809142067,5.418237081741552,0.20502801353184008,5.213209068209712,0.0,hold,,0.0
2020-08-19,329.0379333496094,330.81369881440224,331.3600927691443,328.442736141907,5.245036978164535,0.025462327963857945,5.219574650200677,0.0,hold,,0.0
2020-08-20,330.06243896484375,327.2133590392023,330.56979630996256,327.0767754285409,5.131293333806127,-0.0706250531156396,5.201918386921767,-2.0,sell,0.0,0.0
2020-08-21,331.2332763671875,329.7111746653626,331.4674366978567,329.3501377872644,5.0771018002785695,-0.09985326931455774,5.176955069593127,0.0,hold,,0.0
2020-08-24,334.5897521972656,333.80916804411714,334.66779572446006,331.2040447346012,5.244538393785717,0.05406665935407151,5.190471734431646,2.0,hold,,0.0
2020-08-25,335.7605895996094,335.1849255257903,335.84839973531996,333.9555240733596,5.409354225423726,0.17510599279366357,5.234248232630063,0.0,hold,,0.0
2020-08-26,339.12677001953125,336.38503346077306,339.4097038449979,335.80936942712253,5.745365588832726,0.4088938849621302,5.336471703870596,0.0,hold,,0.0
2020-08-27,339.8682861328125,340.04393616740555,341.40015453079064,338.11202399679524,6.002300385852777,0.5326629455857441,5.469637440267033,0.0,hold,,0.0
2020-08-28,342.06365966796875,340.95136815476,342.2002730654417,339.6926966367612,6.310329806426751,0.6725538929277732,5.637775913498977,0.0,hold,,0.0
2020-08-31,340.824462890625,341.83920726153355,342.7661117341417,340.58053595948024,6.380897503482345,0.5944972719866932,5.7864002314956515,0.0,hold,,0.0
2020-09-01,344.0345458984375,341.7025901694735,344.14185945437987,340.75615249588043,6.619543802328792,0.6665148566665122,5.95302894566228,0.0,hold,,0.0
2020-09-02,349.0106506347656,346.0542575419612,350.0351317929337,344.84435976541516,7.12803522566395,0.9400050240013362,6.188030201662614,0.0,hold,,0.0
2020-09-03,336.999755859375,347.22515529072405,347.7227758333343,334.26775595481337,6.487060715132827,0.23922441077617052,6.247836304356657,0.0,hold,,0.0
2020-09-04,334.24822998046875,337.7217473849523,339.3804327880826,326.73526796978007,5.69145114856309,-0.4451081246348547,6.136559273197944,-2.0,sell,0.0,0.0
2020-09-08,325.11553955078125,328.53051634502043,334.3164853720554,324.7935691260105,4.274716768414521,-1.4894740038267393,5.76419077224126,0.0,hold,,0.0
2020-09-09,331.5357666015625,329.35016084940276,334.140889791389,328.4329931217421,3.6281798333927213,-1.7088087510788323,5.336988584471554,0.0,hold,,0.0
2020-09-10,325.7790832519531,333.51643876056545,334.20918294339344,324.7643388287167,2.621064419564732,-2.1727393319254578,4.79380375149019,0.0,hold,,0.0
2020-09-11,325.9449462890625,327.6622015507442,328.7842595689497,322.95928279397265,1.8153754410977854,-2.382742648313924,4.198118089411709,0.0,hold,,0.0
2020-09-14,330.238037109375,329.2915993997315,332.1114090930849,326.10104577298904,1.5059183816275663,-2.1537597662273145,3.6596781478548808,0.0,hold,,0.0
2020-09-15,331.90655517578125,332.8334597751881,333.71159089218855,330.2478399065931,1.3794059627629736,-1.8242177480735262,3.2036237108364998,0.0,hold,,0.0
2020-09-16,330.58935546875,333.2140120831479,334.7263474068752,330.2966252350906,1.1594910600971957,-1.6353061205914434,2.794797180688639,0.0,hold,,0.0
2020-09-17,327.68170166015625,325.45708908294733,329.4965336389587,324.9009284945854,0.7420298945299919,-1.6422138289269177,2.3842437234569096,0.0,hold,,0.0
2020-09-18,323.9091796875,328.5329563448212,328.6505051749805,321.28382282917636,0.10556107588763552,-1.8229461180554194,1.928507193943055,0.0,hold,,0.0
2020-09-21,320.3042297363281,319.0601313441848,320.4609714849766,315.17106452367466,-0.6818741607591505,-2.0883050837617647,1.406430923002614,0.0,hold,,0.0
2020-09-22,323.56634521484375,321.8716328979987,324.1541193268514,319.2168586395936,-1.0308142178428739,-1.9497961126763903,0.9189818948335164,0.0,hold,,0.0
2020-09-23,316.0625305175781,324.1541181218159,324.4480201244437,315.5335308291945,-1.8910480365041167,-2.2480239450701065,0.3569759085659899,0.0,hold,,0.0
2020-09-24,316.90496826171875,314.6714506704055,320.1376808638666,313.28038634197463,-2.47626698564909,-2.266594315372064,-0.20967267027702619,0.0,hold,,0.0
2020-09-25,322.0283508300781,316.0037039970038,322.8609983737692,315.082894827349,-2.4978494106013045,-1.8305413922594225,-0.6673080183418819,0.0,hold,,0.0
2020-09-28,327.3770446777344,326.4268183674088,328.13133632586477,325.3786247259857,-2.0596167652596478,-1.1138469975342127,-0.9457697677254351,0.0,hold,,0.0
2020-09-29,325.5940856933594,327.1614730388816,327.9451517639292,324.8593756778421,-1.8350310303094943,-0.7114090100672474,-1.1236220202422469,0.0,hold,,0.0
2020-09-30,328.06280517578125,326.2994827997896,331.3934853587427,326.09377231932575,-1.4412266236418532,-0.25408368271968484,-1.1871429409221683,0.0,hold,,0.0
2020-10-01,330.1689147949219,330.8056575375775,331.8342396683728,328.1803007520696,-0.9482574280175982,0.19110841032365622,-1.1393658383412544,2.0,hold,,0.0
2020-10-02,327.0341491699219,324.93779194145964,330.13953694720624,324.43817951754653,-0.8012884222946468,0.27046193283728615,-1.071750355131933,0.0,hold,,0.0
2020-10-05,332.8334655761719,329.20888395931274,333.02937032316777,329.15991524642106,-0.21438674241437639,0.6858908901740453,-0.9002776325884216,0.0,hold,,0.0
2020-10-06,328.1019592285156,332.98044547138693,335.19438166161325,327.5631837340215,-0.12956243699454717,0.6165721564750996,-0.7461345934696467,0.0,hold,,0.0
2020-10-07,333.8131103515625,331.2269163266981,334.6653693248463,331.19752911711697,0.39396225013859976,0.9120774748865972,-0.5181152247479974,0.0,hold,,0.0
2020-10-08,336.77154541015625,335.86051198251334,336.84012553363897,334.89067423800446,1.0356420837616156,1.2430058468076903,-0.20736376304607484,0.0,hold,,0.0
2020-10-09,339.77899169921875,338.51528175266014,340.2687985115586,337.8589573655686,1.7664907504426424,1.5790836107909738,0.1874071396516686,0.0,hold,,0.0
2020-10-12,345.2452087402344,342.46310974504877,346.8027907536252,341.94391574058517,2.75501353529728,2.0540851165164895,0.7009284187807909,0.0,hold,,0.0
2020-10-13,342.9920959472656,345.09825909393976,345.28438805947883,341.9732894878043,3.3183655395442315,2.0939496966107525,1.224415842933479,0.0,hold,,0.0
2020-10-14,340.8369140625,343.5994312764616,344.75536801861074,340.06304093087857,3.549998719704604,1.8604663014168998,1.689532418287704,0.0,hold,,0.0
2020-10-15,340.4156799316406,336.7029365193635,340.9250681723488,336.134773862244,3.6574191584546156,1.5743093921335292,2.0831097663210865,0.0,hold,,0.0
2020-10-16,340.2099609375,341.84589864561593,343.5994150790347,340.0238319917244,3.683489848444651,1.2803040656988518,2.4031857827457994,0.0,hold,,0.0
2020-10-19,335.03759765625,341.5422152643816,342.20834521968237,334.0873714364656,3.2493283341382266,0.6769140411139416,2.572414293024285,0.0,hold,,0.0
2020-10-20,336.3796691894531,336.4580251109853,339.80831624350884,335.6547648074189,2.979203756243294,0.3254315705752071,2.6537721856680867,0.0,hold,,0.0
2020-10-21,335.7429504394531,336.33069463154936,338.6230165624525,335.41966123836823,2.682824272066398,0.023241669118649,2.659582602947749,0.0,hold,,0.0
2020-10-22,337.5845947265625,335.96823842662036,338.20175601636976,333.705333627615,2.5669564224998567,-0.07410094435831427,2.641057366858171,-2.0,sell,0.0,0.0
2020-10-23,338.730712890625,338.8776489183443,338.936423329432,336.134743416159,2.5383519332490323,-0.082164346887311,2.6205162801363433,0.0,hold,,0.0
2020-10-26,332.4710693359375,335.15520099530977,335.98787852258073,328.7779069832666,1.9876691360746008,-0.5062777152493942,2.493946851323995,0.0,hold,,0.0
2020-10-27,331.3248596191406,332.83347269086005,333.18611918024834,331.0995377650782,1.4421354670216715,-0.8414491074418589,2.2835845744635304,0.0,hold,,0.0
2020-10-28,320.00054931640625,325.3296491450257,331.35426618753087,319.4813553575172,0.09492467119775938,-1.7509279226126169,1.8458525938103763,0.0,hold,,0.0
2020-10-29,323.25286865234375,320.2454480774698,326.60313003073924,318.46254435926136,-0.7022198476914809,-2.038457953201486,1.336238105510005,0.0,hold,,0.0
2020-10-30,319.88299560546875,321.5875135019934,322.9687721026165,316.0233160848304,-1.5875825503019882,-2.3390565246495947,0.7514739743476064,0.0,hold,,0.0
2020-11-02,323.4684143066406,323.4684143066406,325.5843533198966,320.56873660097295,-1.9771343719083916,-2.1828866770047983,0.20575230509640685,0.0,hold,,0.0
2020-11-03,329.1795349121094,326.88724282806606,331.3542781552427,323.5565627887407,-1.8042193761847898,-1.6079773450249573,-0.1962420311598325,0.0,hold,,0.0
2020-11-04,336.53643798828125,333.91105102668894,340.84673150944883,332.6669526151076,-1.0613083007957584,-0.6920530157087408,-0.3692552850870177,0.0,hold,,0.0
2020-11-05,343.099853515625,342.12023992756497,345.0101119705159,341.74798198083266,0.05641652456256452,0.3405374477196658,-0.2841209231571013,2.0,hold,,0.0
2020-11-06,343.0214538574219,342.79613199853367,344.343938011812,340.56261449828185,0.9252298306754483,0.9674806030660397,-0.042250772390591385,0.0,hold,,0.0
2020-11-09,347.33172607421875,356.54989179181365,356.95153687483986,346.84191937229826,1.9392194657997948,1.585176190552309,0.35404327524748586,0.0,hold,,0.0
2020-11-10,346.8223571777344,346.2835518383639,347.93910097467085,343.3643228654487,2.6709230062397182,1.8535037847937859,0.8174192214459324,0.0,hold,,0.0
2020-11-11,349.3987731933594,349.1342584054457,350.2706136951593,347.8215798540781,3.4192832057655096,2.0814911874556614,1.337792018309848,0.0,hold,,0.0
2020-11-12,346.0092468261719,348.3309258423897,349.4476994881512,344.09901859929477,3.6962495412790872,1.8867660183753914,1.8094835229036959,0.0,hold,,0.0
2020-11-13,350.79962158203125,348.0272984676304,351.5833004713373,347.4787172660295,4.253261613259667,1.955022472284777,2.29823914097489,0.0,hold,,0.0
2020-11-16,355.178466796875,353.6208849503445,355.3841772570576,352.2592078626538,4.990506454733293,2.153813851006722,2.8366926037265707,0.0,hold,,0.0
2020-11-17,353.26824951171875,352.63150665465747,354.54176512127566,351.0347317130473,5.358866060436867,2.017738765368237,3.34112729506863,0.0,hold,,0.0
2020-11-18,349.0166931152344,353.55230835842303,354.1302767302267,348.9775002049031,5.247241696405979,1.524891521069879,3.7223501753361,0.0,hold,,0.0
2020-11-19,350.48614501953125,348.3505945926984,350.87798447195587,346.93014294529615,5.217210318702826,1.1958881146933802,4.021322204009445,0.0,hold,,0.0
2020-11-20,348.0860595703125,350.21183406674976,350.42735023737737,348.00770364255345,4.942766265365776,0.737155249085065,4.205611016280711,0.0,hold,,0.0
2020-11-23,350.17266845703125,349.99634518425194,351.50495849626697,347.63547282503544,4.837871305533781,0.5058082314024555,4.332063074131326,0.0,hold,,0.0
2020-11-24,355.8152160644531,352.86656986789853,356.39318444102446,351.96534219086334,5.150673966023476,0.6548887135137198,4.495785252509756,0.0,hold,,0.0
2020-11-25,355.2666320800781,355.7270516164665,355.75643882536656,354.11069533610083,5.293288450946761,0.6380025587496041,4.655285892197157,0.0,hold,,0.0
2020-11-27,356.2560729980469,356.42259056015837,356.7556555798144,355.1882679202194,5.42363083058558,0.6146759507107378,4.808954879874842,0.0,hold,,0.0
2020-11-30,354.6788635253906,355.43315516251624,355.7172514499248,351.84779603919657,5.338125889970115,0.4233368080762183,4.914789081893897,0.0,hold,,0.0
2020-12-01,358.5581359863281,358.11732783201643,360.1842980449095,357.4903608186408,5.519759128366445,0.4839760371780386,5.0357830911884065,0.0,hold,,0.0
2020-12-02,359.31243896484375,357.3825992012618,359.4789565160521,356.7752436231023,5.659333451568671,0.49884028830421023,5.16049316326446,0.0,hold,,0.0
2020-12-03,359.2144775390625,359.20467183750173,360.6838977924677,358.04873507972655,5.696378138612658,0.42870798027855805,5.2676701583341,0.0,hold,,0.0
2020-12-04,362.31005859375,359.8316376370322,362.31005859375,359.7336703080433,5.907426702469934,0.5118052353086666,5.395621467161267,0.0,hold,,0.0
2020-12-07,361.5655517578125,361.496971636272,362.084745729388,360.2234860140476,5.946066180659727,0.4403557707987673,5.50571040986096,0.0,hold,,0.0
2020-12-08,362.62353515625,360.2234701713452,363.22108502942547,360.1745014555026,5.992975374209038,0.3898119714784629,5.6031634027305754,0.0,hold,,0.0
2020-12-09,359.3712158203125,363.31905700056217,363.4855745529001,358.48956965586024,5.701987298206063,0.07905911638039065,5.622928181825673,0.0,hold,,0.0
2020-12-10,359.25372314453125,357.9214330404017,360.3606614522976,357.0005938215663,5.399652640042234,-0.17862043342675094,5.578273073468985,-2.0,sell,0.0,0.0
2020-12-11,358.8324279785156,357.46097500070516,359.2634603280321,355.85442433967944,5.067638662254012,-0.4085075289719793,5.4761461912259914,0.0,hold,,0.0
2020-12-14,357.225830078125,361.12470221664586,362.2610274655412,357.0397011383822,4.621601227063934,-0.6836359713296458,5.30523719839358,0.0,hold,,0.0
2020-12-15,362.05535888671875,359.91000287670045,362.05535888671875,358.46019399370044,4.604735435198165,-0.5604014105563317,5.165136845754497,0.0,hold,,0.0
2020-12-16,362.62353515625,362.28066445905915,363.59334293520806,361.3500196946028,4.584370480904681,-0.464613091879853,5.048983572784534,0.0,hold,,0.0
2020-12-17,364.6513366699219,364.3574645643971,364.8668528457844,363.4855941589519,4.677933438250761,-0.29684010762701885,4.97477354587778,0.0,hold,,0.0
2020-12-18,363.1953430175781,364.95633435073586,365.1334092272675,361.0703544305937,4.581780325007287,-0.3143945766963947,4.896174901703682,0.0,hold,,0.0
2020-12-21,361.8966979980469,359.05356268604703,372.324870021039,356.16121989797705,4.350637054383867,-0.43643027785585176,4.787067332239719,0.0,hold,,0.0
2020-12-22,361.2867431640625,362.2410199073696,362.3590698099867,360.0963666155212,4.07130462421128,-0.5726101664227512,4.643914790634031,0.0,hold,,0.0
2020-12-23,361.6114196777344,362.30990163467874,363.62817561909606,361.2670874377088,3.831957916486317,-0.6495654993181716,4.481523415804489,0.0,hold,,0.0
2020-12-24,363.01824951171875,362.1131501511133,363.04776198962617,361.49338811505737,3.7129922727861526,-0.6148249144146689,4.3278171872008215,0.0,hold,,0.0
2020-12-28,366.1368713378906,365.71381912804384,366.5500460247058,365.0546971200261,3.826251218723826,-0.4012527747815966,4.227503993505422,0.0,hold,,0.0
2020-12-29,365.4383544921875,367.7502652854639,367.937187648933,364.81856244730216,3.8156607160977956,-0.329474621926102,4.1451353380238976,0.0,hold,,0.0
2020-12-30,365.9597473144531,366.30407955070604,367.0517689753849,365.54657264924145,3.8054725905619193,-0.27173019796958275,4.077202788531502,0.0,hold,,0.0
2020-12-31,367.8191223144531,365.7531589257659,368.58647671335245,365.2120868581199,3.902449442742409,-0.139802676631275,4.042252119373684,0.0,hold,,0.0
2021-01-04,362.8116760253906,369.2259716595124,369.3637165769199,358.90603117782774,3.5345016948362513,-0.40620033962994606,3.9407020344661974,0.0,hold,,0.0
2021-01-05,365.31048583984375,362.1328654564637,366.461532588506,362.0836579752812,3.4052795790275354,-0.42833796435092975,3.833617543378465,0.0,hold,,0.0
2021-01-06,367.49444580078125,363.7166988534242,370.8688655938988,363.1362668247722,3.439449603935657,-0.31533435155424705,3.754783955489904,0.0,hold,,0.0
2021-01-07,372.95452880859375,370.0031609151301,373.74154823770397,369.8162385467147,3.8625871613508593,0.08624256468876412,3.776344596662095,2.0,hold,,0.0
2021-01-08,375.0794982910156,374.42034628481036,375.3057506034166,370.9869314166876,4.319600338420912,0.43460459340705304,3.884995745013859,0.0,hold,,0.0
2021-01-11,372.5511474609375,371.7247681070422,374.41049350148575,371.5968707029516,4.426741076592975,0.4333962652632928,3.9933448113296826,0.0,hold,,0.0
2021-01-12,372.6298522949219,372.74793222694285,373.70217900023414,370.258916543173,4.466514506913484,0.3785357564670413,4.087978750446442,0.0,hold,,0.0
2021-01-13,373.6333312988281,372.55115710872707,374.6859629891911,371.7247777334314,4.52682518332341,0.3510771463015736,4.175748037021837,0.0,hold,,0.0
2021-01-14,372.3248596191406,374.42033546041034,374.95159004536174,371.9707099110826,4.4181098791871705,0.19388947373226628,4.224220405454904,0.0,hold,,0.0
2021-01-15,369.6096496582031,370.61310392956136,371.459148311181,367.64207107077135,4.065987294969318,-0.12658648838846887,4.192573783357787,-2.0,sell,0.0,0.0
2021-01-19,372.5118408203125,372.2068685159075,373.08245547059033,370.642647012481,3.9752855647678302,-0.17383057487196574,4.149116139639796,0.0,hold,,0.0
2021-01-20,377.6668395996094,374.9318768798663,378.55224384971854,374.51870224048474,4.270145529884132,0.09682351219546881,4.173322017688664,2.0,hold,,0.0
2021-01-21,378.01116943359375,378.25711674454584,378.7096814131605,377.0372276895403,4.479966451932569,0.2453155473951245,4.234650904537444,0.0,hold,,0.0
2021-01-22,376.6732482910156,376.0534562344395,377.9029849039471,375.65009902265405,4.486573562369699,0.20153812626580336,4.285035436103896,0.0,hold,,0.0
2021-01-25,378.1587829589844,377.4504534629669,378.53259767330275,372.32488959999506,4.559125219987493,0.2192718271068772,4.339853392880616,0.0,hold,,0.0
2021-01-26,377.5685119628906,379.1622458594624,379.59511556258906,377.32256463260813,4.516924698831701,0.14165704476086827,4.375267654070833,0.0,hold,,0.0
2021-01-27,368.34051513671875,374.0563279428499,374.1547128666646,365.97942707948346,3.6962501881594108,-0.5432139727291379,4.239464160888549,-2.0,sell,0.0,0.0
2021-01-28,371.50836181640625,370.25893017848347,375.73864383886394,369.79657802488845,3.2638547917027267,-0.7804874953486571,4.044342287051384,0.0,hold,,0.0
2021-01-29,364.0709228515625,369.5407890988865,370.56393840369213,362.3000840521448,2.294588568887889,-1.3998029745307963,3.694391543418685,0.0,hold,,0.0
2021-02-01,370.13104248046875,367.66172184134325,371.22303414332094,364.3758693300471,1.9924711445566459,-1.3615363190896317,3.3540074636462776,0.0,hold,,0.0
2021-02-02,375.36480712890625,373.4956134051027,377.00774852127853,370.21960814385085,2.150571526000931,-0.9627487501162775,3.1133202761172085,0.0,hold,,0.0
2021-02-03,375.6599426269531,376.24037469949326,377.47995879978987,374.31215611681665,2.2734749810962853,-0.6718762360167387,2.945351217113024,0.0,hold,,0.0
2021-02-04,379.9295654296875,376.751915406096,379.9787428820797,375.77797367495856,2.684455005892346,-0.20871696897654246,2.8931719748688884,0.0,hold,,0.0
2021-02-05,381.4249572753906,381.9070344683882,382.17264678242253,379.88043082625563,3.0951463405789923,0.1615794925680829,2.9335668480109094,2.0,hold,,0.0
2021-02-08,384.1795654296875,382.9596462939525,384.22874288506455,382.0545769595232,3.601381554245222,0.5342517649874501,3.067129789257772,0.0,hold,,0.0
2021-02-09,383.92376708984375,383.29412753873345,384.5534066409541,382.8612878759279,3.9365576340902635,0.6955422758659933,3.2410153582242702,0.0,hold,,0.0
2021-02-10,383.7565002441406,385.76343873526037,385.9208486191585,381.2183371705882,4.140955696031369,0.7199522702456789,3.4210034257856905,0.0,hold,,0.0
2021-02-11,384.3763427734375,384.89774994734114,385.3404671803914,381.8086668857806,4.30335237714246,0.7058791610854152,3.5974732160570446,0.0,hold,,0.0
2021-02-12,386.2750244140625,383.53024400809676,386.53078920277454,383.45152405551977,4.533006974676596,0.7484270068956405,3.7845799677809553,0.0,hold,,0.0
2021-02-16,385.9405212402344,387.57361504230016,387.78023240687077,385.1830143054072,4.63459357740021,0.6800108876954036,3.9545826897048064,0.0,hold,,0.0
2021-02-17,386.0290832519531,384.0910172032678,386.294695544685,383.0186604866638,4.668433115199434,0.5710803403957021,4.097352774803732,0.0,hold,,0.0
2021-02-18,384.38616943359375,383.2744826835208,385.1731888909345,381.454466412694,4.510685404429978,0.33066610370099614,4.180019300728982,0.0,hold,,0.0
2021-02-19,383.7073059082031,385.71424431102236,386.0192165655115,383.23507627728566,4.281535715568793,0.08121313187184853,4.200322583696945,0.0,hold,,0.0
2021-02-22,380.7559509277344,380.7854634042191,383.30396147379867,380.47064363980536,3.817774328810401,-0.30603860390923465,4.123812932719636,-2.0,sell,0.0,0.0
2021-02-23,381.2183532714844,378.4243952657355,382.64485976384054,374.0367033996457,3.4478079098678904,-0.5408040182813965,3.988611928149287,0.0,hold,,0.0
2021-02-24,385.41912841796875,380.0673121524169,385.8716931184979,379.02449788227096,3.4537614917850306,-0.42788034909140515,3.8816418408764357,0.0,hold,,0.0
2021-02-25,376.1321105957031,384.0811441227342,385.52731544368766,374.60724934902527,2.6782221471600565,-0.9627357549731035,3.64095790213316,0.0,hold,,0.0
2021-02-26,374.194091796875,378.1194316039732,379.3294732544018,372.0986457619489,1.8854850111836754,-1.404378312759588,3.2898633239432633,0.0,hold,,0.0
2021-03-01,383.2646484375,379.33933846995853,384.58295260958243,374.4007266551851,1.9664848217228723,-1.0587028017763132,3.0251876234991855,0.0,hold,,0.0
2021-03-02,380.27392578125,383.50075349581493,383.7467008216899,379.7426711509573,1.7689599619975525,-1.0049821292013066,2.773942091198859,0.0,hold,,0.0
2021-03-03,375.2369079589844,379.53606216652827,380.5591813673766,375.1286755298788,1.1922315423510668,-1.2653684390782343,2.457599981429301,0.0,hold,,0.0
2021-03-04,370.59344482421875,375.0401616940437,377.77509477299606,365.8515731478821,0.3563733960671698,-1.6809812682897052,2.037354664356875,0.0,hold,,0.0
2021-03-05,377.41107177734375,374.29244666960415,378.5227584246543,366.59923761321204,0.2412938259110433,-1.4368486707566654,1.6781424966677088,0.0,hold,,0.0
2021-03-08,375.53204345703125,378.4243863289249,381.3954191328001,375.23691868351807,-0.0015120147309062304,-1.343723609118892,1.3422115943879858,0.0,hold,,0.0
2021-03-09,380.8936767578125,379.59506781179,383.58924955130414,379.06381323880555,0.23598135935532127,-0.8849841880261318,1.120965547381453,0.0,hold,,0.0
2021-03-10,383.2646484375,383.3728808797764,385.0551522911701,381.87753184996745,0.6084997623967183,-0.4099726279877878,1.018472390384506,0.0,hold,,0.0
2021-03-11,387.15057373046875,385.87165974309386,389.23620209036727,385.38958260578045,1.203412782310977,0.14795231354117666,1.0554604687698004,2.0,hold,,0.0
2021-03-12,387.6719970703125,385.71426603166304,387.8195594561388,384.8583741710046,1.697393645168006,0.5135465411185645,1.1838471040494416,0.0,hold,,0.0
2021-03-15,389.9839172363281,387.9376186941066,390.25937703745024,385.67491532937964,2.2494988513032013,0.8525213978030077,1.3969774535001935,0.0,hold,,0.0
2021-03-16,389.4919738769531,390.63317291683666,391.3808322704506,388.6754120530929,2.6171812507888603,0.9761630378309334,1.641018212957927,0.0,hold,,0.0
2021-03-17,390.8201599121094,388.13440422563076,391.666204327247,386.9243325381885,2.9813782417853645,1.07228802306195,1.9090902187234144,0.0,hold,,0.0
2021-03-18,385.1338195800781,388.0851872778291,390.2888655514997,384.4156426320608,2.7791307496486866,0.6960324247402174,2.083098324908469,0.0,hold,,0.0
2021-03-19,384.42120361328125,384.81600214154224,386.48405378555225,382.12145022709603,2.532156873846702,0.3592468391505865,2.1729100346961157,0.0,hold,,0.0
2021-03-22,387.4908142089844,384.96406735449057,388.9516019709755,384.904849078307,2.5546715557234734,0.3054092168218858,2.2492623389015876,0.0,hold,,0.0
2021-03-23,384.4409484863281,386.81964962552416,388.34950527962206,383.6118625072172,2.29990406586262,0.04051338156882611,2.259390684293794,0.0,hold,,0.0
2021-03-24,382.48663330078125,385.9214436944289,387.6487135830868,382.4372947810125,1.9181903873142119,-0.2729602375836655,2.1911506248978774,-2.0,sell,0.0,0.0
2021-03-25,384.63836669921875,380.96668297114593,385.4773023185883,378.91368232684795,1.7689154927448953,-0.3377881057223857,2.106703598467281,0.0,hold,,0.0
2021-03-26,390.8368225097656,385.8523963888764,391.26123022339294,385.22072469530093,2.126267358037751,0.01565100765637606,2.110616350381375,2.0,hold,,0.0
2021-03-29,390.639404296875,389.2773236282931,391.59680664209566,387.707978981814,2.366264462204242,0.20451848945829365,2.1617459727459485,0.0,hold,,0.0
2021-03-30,389.60302734375,389.2970562142797,390.31367676859657,387.9152161339905,2.444656459667158,0.2263283895369672,2.2183280701301906,0.0,hold,,0.0
2021-03-31,391.1822509765625,390.205119239252,392.8305734198685,390.17551009936983,2.6041933120385465,0.30869219352668464,2.295501118511862,0.0,hold,,0.0
2021-04-01,395.4066162109375,393.2253294855438,395.4658646054975,393.00818577614734,3.036495556245086,0.5927955501865791,2.443700006058507,0.0,hold,,0.0
2021-04-05,401.0819396972656,398.21961264971964,401.6544231794934,398.14066499072146,3.793322315643877,1.0796978476682964,2.7136244679755808,0.0,hold,,0.0
2021-04-06,400.8450622558594,400.489752612421,401.9505101970417,400.13441284778537,4.324152803429513,1.2884226683631455,3.0357301350663675,0.0,hold,,0.0
2021-04-07,401.3089904785156,400.66743904644704,401.67417990348395,400.1838130643214,4.727776060300471,1.3536367401872824,3.3741393201131884,0.0,hold,,0.0
2021-04-08,403.2138977050781,402.63156457712773,403.2731159810596,401.6445531491714,5.142085729081259,1.4143571271744566,3.7277286019068026,0.0,hold,,0.0
2021-04-09,406.1452941894531,403.0855830756698,406.32297912605685,402.95726677969895,5.641931648058176,1.531362436921098,4.1105692111370775,0.0,hold,,0.0
2021-04-12,406.29339599609375,405.51364853918926,406.5796076210602,404.87209713946703,5.981067692822762,1.4963987853485472,4.484668907474215,0.0,hold,,0.0
2021-04-13,407.4975280761719,406.1848161161808,408.1588389933515,405.7801378118169,6.274668375959891,1.4319995747885406,4.84266880117135,0.0,hold,,0.0
2021-04-14,406.1058654785156,407.46791595197556,408.58324368879573,405.53338198046,6.3221753891350545,1.183605270370963,5.1385701187640915,0.0,hold,,0.0
2021-04-15,410.46844482421875,408.36610562691817,410.7546865772124,408.3167671031464,6.635360428298384,1.1974322476274333,5.4379281806709505,0.0,hold,,0.0
2021-04-16,411.84039306640625,411.8305133134632,412.4819444625472,410.33026680482016,6.91455984379121,1.1813053304962065,5.7332545132950035,0.0,hold,,0.0
2021-04-19,409.8170166015625,410.85339669900986,411.3271429184609,408.415477207421,6.893098473049747,0.9278751678037942,5.965223305245953,0.0,hold,,0.0
2021-04-20,406.81646728515625,408.5338573358597,409.69852345941274,405.2569725383286,6.558370120612437,0.47451745229318654,6.083852668319251,0.0,hold,,0.0
2021-04-21,410.66583251953125,406.1650630318914,410.88297622819795,406.0169872277847,6.528451172349776,0.3556788032244196,6.172772369125356,0.0,hold,,0.0
2021-04-22,406.9151916503906,410.4881983309743,411.3666228411863,405.7900142825283,6.13141567435099,-0.03308535581949368,6.1645010301704835,-2.0,sell,0.0,0.0
2021-04-23,411.3271179199219,407.5073886517476,412.8175147608302,407.42844099370353,6.10242282791171,-0.04966256180701922,6.152085389718729,0.0,hold,,0.0
2021-04-26,412.1858215332031,412.01804646094195,412.78791415787623,411.39622445164923,6.078664927881505,-0.05873636946977889,6.137401297351284,0.0,hold,,0.0
2021-04-27,412.09698486328125,412.50166314787623,412.7089572271157,410.892829762183,5.983691967831305,-0.12296746361598299,6.106659431447288,0.0,hold,,0.0
2021-04-28,411.9785461425781,412.3832244250384,413.5676501357122,411.48504044999686,5.8316446286152654,-0.22001184226561854,6.051656470880884,0.0,hold,,0.0
2021-04-29,414.6040344238281,414.86066704403544,415.25546560660075,411.03105773263263,5.855502392364997,-0.1569232628127093,6.012425655177706,0.0,hold,,0.0
2021-04-30,411.8798828125,412.2056134721385,413.1037975427657,410.93236021584283,5.5901537608678495,-0.3378175154478855,5.927971276315735,0.0,hold,,0.0
2021-05-03,412.7681884765625,413.9821932473136,414.38687154463,412.24507362807026,5.389416068242667,-0.4308441664584546,5.820260234701122,0.0,hold,,0.0
2021-05-04,410.2217102050781,410.6658774235717,411.18899230785075,406.32303289656863,4.967587232497806,-0.6821384017626535,5.649725634260459,0.0,hold,,0.0
2021-05-05,410.3499755859375,411.9588089325811,412.20556177418416,409.7577627418508,4.590715870401596,-0.8472078110870918,5.437923681488687,0.0,hold,,0.0
2021-05-06,413.62689208984375,410.42895453641694,413.7650580286542,408.30688596106563,4.504536879094815,-0.7467094419150984,5.251246321009913,0.0,hold,,0.0
2021-05-07,416.6372375488281,414.43622145616496,417.3281575610559,413.7156923074815,4.625825490849252,-0.5003366641285298,5.126162154977782,0.0,hold,,0.0
2021-05-10,412.51153564453125,417.0123050957506,417.24917818648953,412.3832193466488,4.339020399535173,-0.6297134043540868,4.9687338038892594,0.0,hold,,0.0
2021-05-11,408.8299865722656,407.7344183683685,409.87621625427835,404.73389525632575,3.771183203714827,-0.9580404801395463,4.729223683854373,0.0,hold,,0.0
2021-05-12,400.1443176269531,405.8887315247275,407.23105264548894,398.75262786071715,2.5904461890874586,-1.7110219958135318,4.30146818490099,0.0,hold,,0.0
2021-05-13,404.9510498046875,401.7827515365158,406.9941707014893,401.73338289211273,2.01928959990704,-1.8257428679951602,3.8450324679022003,0.0,hold,,0.0
2021-05-14,411.1691589355469,407.84293563482544,412.0673428436518,407.81332650032505,2.044821894037625,-1.4401684590916606,3.4849903531292856,0.0,hold,,0.0
2021-05-17,410.12298583984375,409.9946996534701,410.9817111010141,407.99103749860484,1.9580676109324031,-1.2215381937575063,3.1796058046899094,0.0,hold,,0.0
2021-05-18,406.5895080566406,410.3993578791785,410.65599050060115,406.4217028531259,1.5859106986037546,-1.2749560848689239,2.8608667834726784,0.0,hold,,0.0
2021-05-19,405.52349853515625,401.6347012425362,405.7110331151017,400.0653265743197,1.1912239171611532,-1.3357142930492203,2.5269382102103735,0.0,hold,,0.0
2021-05-20,409.8861083984375,406.45129775366115,411.21857986277655,406.32301156864366,1.2164356425358278,-1.0484020541396366,2.2648376966754644,0.0,hold,,0.0
2021-05-21,409.5505065917969,411.4554313361791,412.7681733463886,409.0668806518234,1.1955542502906837,-0.8554267571078249,2.0509810073985086,0.0,hold,,0.0
2021-05-24,413.7255859375,411.91933818952805,414.8606430346356,411.66270558417295,1.4986243979006417,-0.4418852875982937,1.9405096854989354,0.0,hold,,0.0
2021-05-25,412.8076477050781,414.8704979635466,415.245567123486,412.19570544252355,1.645768336628123,-0.23579307909665004,1.881561415724773,0.0,hold,,0.0
2021-05-26,413.62689208984375,413.4294777530302,414.1598565810826,412.33390951095157,1.8076496830013298,-0.05912938617875474,1.8667790691800845,0.0,hold,,0.0
2021-05-27,413.84405517578125,414.7126301044838,415.2554743743229,413.54793365670525,1.9312033523085574,0.05153942650277843,1.879663925805779,2.0,hold,,0.0
2021-05-28,414.5843200683594,415.5022335368715,415.77859555280634,414.33756719266034,2.0650491148227843,0.1483081512136042,1.9167409636091801,0.0,hold,,0.0
2021-06-01,414.2190856933594,417.0814127166956,417.2294584018135,413.75518913252506,2.1172451995295773,0.16040338873631765,1.9568418107932597,0.0,hold,,0.0
2021-06-02,414.8704833984375,414.9099722878864,415.7588177444533,413.8440132423434,2.1859747671604737,0.18330636509377118,2.0026684020667025,0.0,hold,,0.0
2021-06-03,413.33074951171875,412.4227158995478,414.53490461401276,410.8731007860421,2.092083551210976,0.07153211931541881,2.0205514318955573,0.0,hold,,0.0
2021-06-04,417.1110534667969,415.2850762220914,417.42690436645177,413.3998806988506,2.2962433579096455,0.2205535408112702,2.0756898170983753,0.0,hold,,0.0
2021-06-07,416.70635986328125,417.1011584127677,417.2886929949835,415.71934842896593,2.3977463565194057,0.2576452315368245,2.140101124982581,0.0,hold,,0.0
2021-06-08,416.7951965332031,417.61440278854883,417.71310995841196,414.8606625129223,2.4570334389964614,0.2535458512111042,2.2034875877853572,0.0,hold,,0.0
2021-06-09,416.1733703613281,417.6834966695121,417.76247445309764,415.93649725296956,2.425878684331792,0.17791287723714788,2.247965807094644,0.0,hold,,0.0
2021-06-10,418.10791015625,417.46635873142264,419.11468112312315,416.07466895813286,2.5281466102226773,0.22414464250242627,2.304001967720251,0.0,hold,,0.0
2021-06-11,418.798828125,418.6902713231091,418.9172646802261,417.3281906956102,2.634576229322647,0.2644594092819168,2.3701168200407303,0.0,hold,,0.0
2021-06-14,419.73651123046875,418.9172748349641,419.84506803499113,417.60456282112153,2.762738529289436,0.31409736739896443,2.4486411618904715,0.0,hold,,0.0
2021-06-15,418.9666442871094,419.8944374889201,419.93389626089504,418.03885108529863,2.770252500684478,0.2572890710352054,2.5129634296492727,0.0,hold,,0.0
2021-06-16,416.6273498535156,419.11463775315946,419.3515108402889,414.46582269106716,2.5579593040754958,0.035996699540978394,2.5219626045345174,0.0,hold,,0.0
2021-06-17,416.48919677734375,416.193105409296,417.52554668670814,413.8736226222645,2.351461433942802,-0.13640093647337226,2.4878623704161744,-2.0,sell,0.0,0.0
2021-06-18,410.87060546875,413.0194104511543,413.75217875781385,410.65275134788607,1.714671357980194,-0.6185528099487847,2.3332241679289787,0.0,hold,,0.0
2021-06-21,416.7525939941406,412.7322200620824,416.95065417807837,411.8707156794615,1.6654397978356883,-0.5342274960746325,2.199667293910321,0.0,hold,,0.0
2021-06-22,418.9806213378906,416.7426984754211,419.8619498418547,415.9801939900274,1.7856230667642876,-0.33123538171682654,2.116858448481114,0.0,hold,,0.0
2021-06-23,418.47564697265625,419.05988524914557,419.9114775851238,418.3865289528266,1.8191519113846653,-0.23816522967715947,2.0573171410618247,0.0,hold,,0.0
2021-06-24,420.95123291015625,420.7432908714676,421.3968229930606,420.47590660198387,2.022172512168254,-0.02811570311485667,2.0502882152831106,0.0,hold,,0.0
2021-06-25,422.44647216796875,421.7434098961844,422.92179847241306,421.39681968792763,2.2774678807881514,0.18174373240403252,2.095724148384119,2.0,hold,,0.0
2021-06-28,423.298095703125,423.0010356494716,423.4763317353171,421.73352905431534,2.519467350394052,0.3389945616079464,2.1804727887861057,0.0,hold,,0.0
2021-06-29,423.52587890625,423.70411494560284,424.3774712407639,422.9614345618905,2.6985269356577533,0.41444331749731766,2.2840836181604356,0.0,hold,,0.0
2021-06-30,423.8823547363281,423.0406442500566,424.59532911979153,423.0109382432349,2.8365001591536725,0.4419332327945895,2.394566926359083,0.0,hold,,0.0
2021-07-01,426.2292175292969,424.68444474380027,426.3975717134981,424.61512065502666,3.0994881763270996,0.5639369999744135,2.535551176352686,0.0,hold,,0.0
2021-07-02,429.4870910644531,427.4571102209555,429.8633872722602,426.3183095226739,3.5300984640814477,0.7956378301830092,2.7344606338984385,0.0,hold,,0.0
2021-07-06,428.704833984375,429.5465444956776,429.7743107012457,425.813348501933,3.764839880132513,0.8243033969872595,2.9405364831452534,0.0,hold,,0.0
2021-07-07,430.2198486328125,429.42766837693574,430.5169388935711,427.2986574969946,4.026705806200198,0.8689354584439553,3.1577703477562427,0.0,hold,,0.0
2021-07-08,426.71441650390625,424.5952874925753,427.5165088291978,423.34757488890426,3.9063474211131393,0.5988616586855171,3.307485762427622,0.0,hold,,0.0
2021-07-09,431.26953125,428.3087218282756,431.5864154624214,426.5064768673383,4.1309037382278575,0.6587343806401882,3.4721693575876693,0.0,hold,,0.0
2021-07-12,432.8143005371094,431.18040977080386,433.081684810331,430.7249076064425,4.382991807437804,0.728657959880108,3.6543338475576963,0.0,hold,,0.0
2021-07-13,431.3388671875,431.982517485591,433.56690837148307,431.0616010489495,4.41284969351733,0.6068126767677069,3.8060370167496234,0.0,hold,,0.0
2021-07-14,431.98248291015625,433.1311654549951,433.6461098280464,430.6654764123893,4.437296303580467,0.5050074294646749,3.9322888741157924,0.0,hold,,0.0
2021-07-15,430.5070495605469,430.56646157188914,431.27943592773704,428.49686259082495,4.288183764446501,0.2847159122645664,4.0034678521819345,0.0,hold,,0.0
2021-07-16,427.1303405761719,431.7547770829152,431.80427702082187,426.71445648247726,3.8531224115059786,-0.12027635254076463,3.973398764046743,-2.0,sell,0.0,0.0
2021-07-19,420.822509765625,422.03060439380744,427.1996610527858,417.8517882425281,2.9651633676313054,-0.8065883171323502,3.7717516847636556,0.0,hold,,0.0
2021-07-20,426.8530578613281,421.5255592566235,428.19980062514423,420.6838488067061,2.7167472882684933,-0.8440035171961298,3.560750805464623,0.0,hold,,0.0
2021-07-21,430.3089904785156,428.1205674691612,430.45755072699296,426.8035609213799,2.766846155229814,-0.6351237201878472,3.4019698754176613,0.0,hold,,0.0
2021-07-22,431.21014404296875,430.49716963387766,431.46761625783995,429.4574291380022,2.84645328798797,-0.4444132699437535,3.2908665579317233,0.0,hold,,0.0
2021-07-23,435.64642333984375,433.25002794870795,436.00289542692985,432.5271716988691,3.2302765605493278,-0.04847199790591672,3.2787485584552445,0.0,hold,,0.0
2021-07-26,436.71588134765625,435.0225784498181,436.72579342358455,434.97307850966394,3.579493420751419,0.24059588983693958,3.3388975309144793,2.0,hold,,0.0
2021-07-27,434.7254638671875,435.616674216436,435.646380220753,431.7349184071614,3.6535246840546733,0.2517017225121547,3.4018229615425186,0.0,hold,,0.0
2021-07-28,434.5472106933594,435.3889211339794,436.00286538815806,433.0420560631233,3.655671150735543,0.20307855135441955,3.4525925993811235,0.0,hold,,0.0
2021-07-29,436.3494567871094,435.5275704942123,437.48822728294493,435.51765841920144,3.759461704465707,0.24549528406766674,3.5139664203980403,0.0,hold,,0.0
2021-07-30,434.2303771972656,433.6362268452828,435.7652379051243,433.49757866793186,3.6288928353555434,0.0919411319660024,3.536951703389541,0.0,hold,,0.0
2021-08-02,433.3193359375,436.04249730727685,436.62673557478723,432.9430397130631,3.412564728175539,-0.09950958017120204,3.512074308346741,-2.0,sell,0.0,0.0
2021-08-03,436.8446044921875,434.1610611129517,436.97334059646045,431.8439018952665,3.4854052727455382,-0.021335228480962698,3.506740501226501,0.0,hold,,0.0
2021-08-04,434.69580078125,435.4879811210756,436.81489981114197,434.4482406475867,3.331339816219895,-0.14032054800528515,3.47166036422518,0.0,hold,,0.0
2021-08-05,437.44866943359375,435.92369054460414,437.53778745558276,435.58701238828695,3.3922713331891146,-0.06351122482885252,3.455782558017967,0.0,hold,,0.0
2021-08-06,438.1715087890625,437.78533070866814,438.61712910156706,437.4882404270845,3.459013737140424,0.0025849432979652143,3.4564287938424587,2.0,hold,,0.0
2021-08-09,437.8150329589844,438.14179902420716,438.4784771646536,437.0030285039269,3.4434490160459745,-0.010383822237187257,3.453832838283162,-2.0,sell,0.0,0.0
2021-08-10,438.3596496582031,438.29032557167153,439.11224209542263,437.5674693598867,3.435458056538778,-0.014699825395507293,3.450157881934285,0.0,hold,,0.0
2021-08-11,439.4489440917969,439.488562174786,439.5479741893983,438.30026144305475,3.4769420965671998,0.021427371706331577,3.455514724860868,2.0,hold,,0.0
2021-08-12,440.76593017578125,439.2904815154048,440.9144904251342,438.3398591061499,3.5748792845248545,0.09549164773118868,3.479387636793666,0.0,hold,,0.0
2021-08-13,441.56805419921875,441.2412579132781,441.5878481299836,440.72634373571725,3.6748584361103553,0.15637663945335145,3.518481796657004,0.0,hold,,0.0
2021-08-16,442.6077880859375,440.1915988997155,442.74640603872535,438.5477960782863,3.7942526861664305,0.22061671160754104,3.5736359745588895,0.0,hold,,0.0
2021-08-17,439.7064208984375,439.9044508759677,440.6174252785116,436.5475511363086,3.6131077481913394,0.031577418905959664,3.5815303292853797,0.0,hold,,0.0
2021-08-18,434.8938293457031,438.63693734576196,440.29065232995595,434.63638735695343,3.046099621660062,-0.42834456610025473,3.4744441877603167,-2.0,sell,0.0,0.0
2021-08-19,435.5671691894531,432.0122094423287,436.83470603273696,431.86367941217566,2.62086281921637,-0.6828650948351576,3.3037279140515277,0.0,hold,,0.0
2021-08-20,439.0329895019531,435.9335622914806,439.3795797018976,435.4186179190807,2.534308394148411,-0.6155356159224938,3.149844010070905,0.0,hold,,0.0
2021-08-23,442.8949890136719,440.81547785721375,443.85552353633506,439.1122629372257,2.7456938239427586,-0.32332014890251726,3.069013972845276,0.0,hold,,0.0
2021-08-24,443.5980224609375,443.59802246093744,444.16246677891115,443.05340229290437,2.936101671296342,-0.10632984123914735,3.0424315125354893,0.0,hold,,0.0
2021-08-25,444.52886962890625,443.79610132403513,445.07348981986576,443.39998094543694,3.1260773751145052,0.06691669006321277,3.0591606850512925,2.0,hold,,0.0
2021-08-26,441.9047546386719,444.2317957402395,444.4793558761291,441.8057245403674,3.029962814781129,-0.023358296216130725,3.05332111099726,-2.0,sell,0.0,0.0
2021-08-27,445.8558044433594,442.75634670890514,446.25189461657305,442.69693469391024,3.2353133537567373,0.14559379420758178,3.0897195595491556,2.0,hold,,0.0
2021-08-30,447.81646728515625,446.56875459851625,448.64826566966906,446.31128240102123,3.515737012940747,0.3408139627132729,3.174923050227474,0.0,hold,,0.0
2021-08-31,447.15301513671875,447.71745949638847,448.0739315847633,446.51927690636035,3.6424518222500524,0.3740230176180628,3.2684288046319896,0.0,hold,,0.0
2021-09-01,447.3906555175781,448.14324798422183,448.6878681831398,447.1430953872076,3.7191774516948612,0.36059891765029706,3.358578534044564,0.0,hold,,0.0
2021-09-02,448.76708984375,448.8958259425407,449.6186821592245,447.4995832260089,3.8467073645819028,0.3905030644298706,3.456204300152032,0.0,hold,,0.0
2021-09-03,448.65814208984375,447.56890174077313,449.20279248412027,447.14307536859593,3.8940958531181877,0.35031324237292427,3.5437826107452635,0.0,hold,,0.0
2021-09-07,447.053955078125,448.2917556682649,448.39078575942426,446.34098072941475,3.758877091314389,0.17207558445530013,3.586801506859089,0.0,hold,,0.0
2021-09-08,446.50933837890625,446.48954444841684,447.2619308138814,444.4793272634446,3.5666550530254995,-0.016117163066871942,3.5827722160923714,-2.0,sell,0.0,0.0
2021-09-09,444.59820556640625,446.30142049264924,448.1531654549541,444.3407333574038,3.222953060172074,-0.28785532473623787,3.510808384908312,0.0,hold,,0.0
2021-09-10,441.0927429199219,446.6380959170248,447.0836860224863,440.96400681620764,2.637304016363146,-0.6988034948361332,3.336107511199279,0.0,hold,,0.0
2021-09-13,442.22161865234375,444.26154202039777,444.5388081700784,439.77572324561834,2.2384601912773974,-0.8781178559375058,3.116578047214903,0.0,hold,,0.0
2021-09-14,439.8351135253906,443.74654516706426,443.96439927463206,438.8943730109523,1.7100897177207344,-1.1251906635953355,2.83528038131607,0.0,hold,,0.0
2021-09-15,443.5089111328125,440.28071749685637,444.0337373785592,439.1122409828906,1.5697025208798436,-1.0124622883489809,2.5821648092288245,0.0,hold,,0.0
2021-09-16,442.80584716796875,442.95437719549375,443.984205532828,439.6865654912376,1.3857393293402538,-0.9571403839108568,2.3428797132511106,0.0,hold,,0.0
2021-09-17,438.492431640625,441.9892643207865,442.43628191917895,438.11492990205716,0.8817265949916191,-1.1689224946075933,2.0506490895992124,0.0,hold,,0.0
2021-09-20,431.1809387207031,432.0154019092646,433.6843282863875,426.03503691640776,-0.10645633971961388,-1.725684343455061,1.6192280037354472,0.0,hold,,0.0
2021-09-21,430.7736511230469,433.65454253959155,435.0254572254824,430.2173423108819,-0.9119507397797406,-2.0249429948121502,1.1129922550324096,0.0,hold,,0.0
2021-09-22,434.9757385253906,433.1776636815651,437.1314577619427,430.8928262396538,-1.197434243460009,-1.8483411987939349,0.650906955333926,0.0,hold,,0.0
2021-09-23,440.2607116699219,436.9526601279167,441.9594695179631,436.7043069086007,-0.9858643816119752,-1.3094170695567209,0.32355268794474573,0.0,hold,,0.0
2021-09-24,440.9859313964844,438.5322002800951,441.7409349143138,438.3037043953424,-0.7510173107333458,-0.8596559989424732,0.10863868820912745,0.0,hold,,0.0
2021-09-27,439.72430419921875,439.8931674163266,441.12498972108915,438.9891580319568,-0.6591043414708793,-0.6141944237440053,-0.04490991772687389,0.0,hold,,0.0
2021-09-28,430.863037109375,436.79371323742816,437.1414138100168,430.0881762727901,-1.286463300452624,-0.9932427061806002,-0.2932205942720239,0.0,hold,,0.0
2021-09-29,431.5882263183594,432.32334212863265,434.16116197087024,430.9921725429641,-1.7054734504999374,-1.1298022849823308,-0.5756711655176067,0.0,hold,,0.0
2021-09-30,426.313232421875,433.1478878035818,433.8929474890049,425.9555880082627,-2.4351193951226264,-1.4875585836840157,-0.9475608114386107,0.0,hold,,0.0
2021-10-01,431.379638671875,428.1411330028296,433.157856377967,424.4158343629083,-2.5748709113356085,-1.301848079917598,-1.2730228314180105,0.0,hold,,0.0
2021-10-04,425.8165283203125,430.14779409691636,431.1014620108973,423.55151776020364,-3.0988004644893863,-1.4606221064571006,-1.6381783580322857,0.0,hold,,0.0
2021-10-05,430.24713134765625,427.40595470031076,432.62137240463494,426.56157799190277,-3.120534198089672,-1.1858846720459089,-1.934649526043763,0.0,hold,,0.0
2021-10-06,432.0352783203125,426.44235865917875,432.2538303781447,424.72377368839346,-2.959356205820029,-0.8197653438210128,-2.1395908619990163,0.0,hold,,0.0
2021-10-07,435.7705078125,435.50229724256116,438.77060386659497,435.3135463656041,-2.5013852699833024,-0.28943552638742887,-2.2119497435958735,0.0,hold,,0.0
2021-10-08,434.9757385253906,436.5850928178283,436.99239572672724,434.31016888921886,-2.1774707161486617,0.02758322195776941,-2.205053938106431,2.0,hold,,0.0
2021-10-11,431.82666015625,434.2803912559476,437.35997733942463,431.7571139765954,-2.1500855570797626,0.04397470482133503,-2.1940602619010976,0.0,hold,,0.0
2021-10-12,430.7637023925781,432.80021705372775,433.2273773302532,429.9292391838228,-2.188921900129685,0.004110689417129887,-2.193032589546815,0.0,hold,,0.0
2021-10-13,432.31341552734375,431.84651025494173,433.17767989366,428.697408361202,-2.0707804156988914,0.097801739078339,-2.1685821547772304,0.0,hold,,0.0
2021-10-14,439.585205078125,436.18771964535534,439.74415477896474,435.6910131989394,-1.3745350102768157,0.6352377156003319,-2.0097727258771476,0.0,hold,,0.0
2021-10-15,442.9329833984375,441.82036585502743,443.32042896260043,441.1647097348277,-0.5463201399038553,1.170762068778634,-1.7170822086824893,0.0,hold,,0.0
2021-10-18,444.24432373046875,441.04553293261324,444.601937827798,440.35013176573136,0.21340037066329387,1.5443860634766267,-1.3309856928133328,0.0,hold,,0.0
2021-10-19,447.6716003417969,445.96292895436426,447.7411162036763,445.3171863211194,1.079592063086352,1.928462204719748,-0.8488701416333959,0.0,hold,,0.0
2021-10-20,449.429931640625,448.1583643471902,449.7478310431227,448.0391596503925,1.886194979129641,2.1880520966104298,-0.3018571174807886,0.0,hold,,0.0
2021-10-21,450.6021728515625,448.79415402063614,450.84058225641184,448.3371925558226,2.590165850644212,2.3136183745000003,0.27654747614421155,0.0,hold,,0.0
2021-10-22,450.13525390625,450.14519773666956,451.67506211002814,448.0788819021101,3.074945325844226,2.238718279760011,0.8362270460842145,0.0,hold,,0.0
2021-10-25,452.54925537109375,451.28763184378096,452.8969559654648,449.4100971406688,3.6122861104375943,2.2208472514827036,1.3914388589548907,0.0,hold,,0.0
2021-10-26,452.95654296875,454.18839559516516,455.46987642401297,452.55918386717184,4.024604127690509,2.1065322149884946,1.9180719127020143,0.0,hold,,0.0
2021-10-27,450.9498596191406,453.44333572911927,454.14865040787924,450.8703696089232,4.141703570552977,1.7789053262807704,2.3627982442722066,0.0,hold,,0.0
2021-10-28,455.3009948730469,452.4598182938816,455.38045456354047,452.4499047804167,4.533348355779026,1.7364400892054555,2.7969082665735705,0.0,hold,,0.0
2021-10-29,456.224853515625,452.8671132161297,456.5328090752541,452.55915765650064,4.862228596537534,1.6522562639711706,3.2099723325663634,0.0,hold,,0.0
2021-11-01,457.0096740722656,457.2679408082203,457.665330217176,455.18179799398,5.127095056390488,1.5336981790592992,3.5933968773311884,0.0,hold,,0.0
2021-11-02,458.8573913574219,457.18846503809976,459.1852345766253,457.0493726865457,5.4235793305169295,1.4641459625485926,3.959433367968337,0.0,hold,,0.0
2021-11-03,461.6588439941406,458.26135853764,462.08600426506865,457.7944532620855,5.817538110832686,1.4864837942914795,4.3310543165412065,0.0,hold,,0.0
2021-11-04,463.8344421386719,462.29463388282323,463.9238456658026,461.9270759435444,6.233450533027451,1.5219169731889952,4.711533559838456,0.0,hold,,0.0
2021-11-05,465.4437561035156,466.1888157965708,467.5497866519025,463.8443758477043,6.616649692534793,1.524092906157069,5.092556786377724,0.0,hold,,0.0
2021-11-08,465.8410949707031,466.6060422916017,467.1325499058235,465.11592297023174,6.873170086767345,1.4244906403116966,5.448679446455649,0.0,hold,,0.0
2021-11-09,464.30133056640625,466.22855403646645,466.47690726388083,462.8112112019199,6.872990670090928,1.1394489789082236,5.733541691182705,0.0,hold,,0.0
2021-11-10,460.5660705566406,462.5131512958174,464.30131265414934,458.996491559219,6.49655596200023,0.6104114166540189,5.886144545346211,0.0,hold,,0.0
2021-11-11,460.715087890625,462.1456048862723,462.22509489522804,460.6952305466639,6.139481081027668,0.20266922854516523,5.936811852482503,0.0,hold,,0.0
2021-11-12,464.1920166015625,462.0561850139256,464.7781265515104,461.0528283231131,6.067117797023911,0.1042447556331263,5.962873041390785,0.0,hold,,0.0
2021-11-15,464.3509826660156,465.55303409800433,465.72189731304036,463.1589053808396,5.953963026413021,-0.0071280119822114685,5.9610910383952325,-2.0,sell,0.0,0.0
2021-11-16,466.1888122558594,464.07283789300453,467.3908333962231,463.993378198967,5.9440650620026645,-0.013620781114054736,5.957685843116719,0.0,hold,,0.0
2021-11-17,465.05633544921875,465.91065600209436,466.0994068808099,464.40067928892626,5.778231583236845,-0.14356340790389943,5.921794991140745,0.0,hold,,0.0
2021-11-18,466.6358642578125,466.1490713092168,466.91401866420006,463.268179889512,5.708458573684368,-0.1706691339651023,5.87912770764947,0.0,hold,,0.0
2021-11-19,465.8013916015625,466.51661978930593,467.8378759302958,465.4139460166456,5.522171832098422,-0.2855647004408386,5.807736532539261,0.0,hold,,0.0
2021-11-22,464.4900817871094,467.78821992557823,470.420758074801,464.2715297341613,5.208684037029457,-0.47924199640784426,5.687926033437301,0.0,hold,,0.0
2021-11-23,465.1059875488281,464.14237582425875,466.0099969247895,461.3906330083397,4.952847802089366,-0.5880625850783492,5.540910387167715,0.0,hold,,0.0
2021-11-24,466.3477478027344,462.9900073961558,466.4768963286113,462.125743035663,4.7950213955153345,-0.5967111933219051,5.39173258883724,0.0,hold,,0.0
2021-11-26,455.9467468261719,459.2945436460404,460.8442654361483,454.7546391492161,3.787014629892326,-1.2837743671559316,5.070788997048258,0.0,hold,,0.0
2021-11-29,461.5396423339844,461.0131347063034,463.4867231417123,458.68855214352953,3.400265784173996,-1.3364185702994096,4.736684354473406,0.0,hold,,0.0
2021-11-30,452.5592041015625,458.9567859676483,460.973413056965,452.3009070315377,2.342119726575561,-1.915651702318276,4.257771428893837,0.0,hold,,0.0
2021-12-01,447.5325012207031,458.59913522569866,461.6091750312356,447.3238930051069,1.0854065487694697,-2.537891904099494,3.623298452868964,0.0,hold,,0.0
2021-12-02,454.3870544433594,447.76100737695003,456.0460673258143,447.3437606196226,0.6352348682640923,-2.390450867683897,3.0256857359479894,0.0,hold,,0.0
2021-12-03,450.43328857421875,456.1454127253389,457.26794383173916,445.9629305429074,-0.04010301192960242,-2.4526309983020735,2.412527986372471,0.0,hold,,0.0
2021-12-06,455.7679138183594,453.1254318609301,457.75473962245155,450.57235342669827,-0.14320272181447535,-2.0445845665495574,1.901381844735082,0.0,hold,,0.0
2021-12-07,465.1954040527344,461.35090087746505,465.79145787200207,455.628832718986,0.5297035950841291,-1.0973425997207624,1.6270461948048915,0.0,hold,,0.0
2021-12-08,466.4272155761719,465.6126400358165,466.90406468385163,463.75493244021,1.1491370578277724,-0.3823273095816955,1.531464367409468,0.0,hold,,0.0
2021-12-09,463.2781066894531,465.0662377624172,466.5364997515925,463.06949847147024,1.370141631033107,-0.1290581891010889,1.4991998201341958,0.0,hold,,0.0
2021-12-10,467.63916015625,466.13912735245435,467.79810985188453,463.4370431597766,1.8755695175790947,0.30109575795591903,1.5744737596231757,2.0,hold,,0.0
2021-12-13,463.4966735839844,467.09282350547034,467.46038143539863,463.1986315179068,1.9197312460872809,0.276205989171284,1.6435252569159968,0.0,hold,,0.0
2021-12-14,460.30780029296875,460.0395897160622,462.6721279149639,457.21830063529995,1.678070557218291,0.027636240241835308,1.6504343169764557,0.0,hold,,0.0
2021-12-15,467.5001220703125,460.36742464392677,467.7583888119643,457.70505500134925,2.0433584150467254,0.3143392784562158,1.7290191365905097,0.0,hold,,0.0
2021-12-16,463.37744140625,469.4571232684136,469.755135000263,461.7382859314148,1.977391659060686,0.19869801797614084,1.778693641084545,0.0,hold,,0.0
2021-12-17,458.4457702636719,460.12055997481536,463.30068292678317,456.6413782969522,1.5097642615546079,-0.21514350362394996,1.7249077651785578,-2.0,sell,0.0,0.0
2021-12-20,453.5709533691406,453.0725018521324,453.9896356065105,449.7428493692851,0.7373099470040074,-0.7900782545396405,1.527388201543648,0.0,hold,,0.0
2021-12-21,461.62591552734375,457.18968486607025,461.7754448975186,454.89682006187917,0.7662693889991488,-0.6088950500355994,1.3751644390347482,0.0,hold,,0.0
2021-12-22,466.2415771484375,461.35675842152705,466.3612006434782,461.14738688214,1.1484269228546964,-0.18139001294404133,1.3298169357987377,0.0,hold,,0.0
2021-12-23,469.1425476074219,467.2982710132101,470.7276196919309,467.18862628868334,1.6661670566734301,0.26908009669975397,1.3970869599736762,2.0,hold,,0.0
2021-12-27,475.78192138671875,470.5980137714323,475.8317543660129,470.54818079213817,2.582452909647145,0.9482927597387749,1.6341601499083702,0.0,hold,,0.0
2021-12-28,475.39312744140625,476.24050107370044,477.32712168995914,474.5856384474611,3.2398961217851934,1.2845887775014586,1.9553073442837348,0.0,hold,,0.0
2021-12-29,476.0012512207031,475.50279972507144,477.07789306511893,474.4460849881776,3.7665763630134848,1.4490152149837998,2.317561148029685,0.0,hold,,0.0
2021-12-30,474.6853332519531,476.44984059894847,477.51653410401497,474.1968605202964,4.031320117317534,1.3710071754302793,2.660312941887255,0.0,hold,,0.0
2021-12-31,473.4890441894531,474.1669613564633,475.383153820153,473.199964221723,4.097369001119091,1.1496448473854688,2.9477241537336223,0.0,hold,,0.0
2022-01-03,476.23052978515625,474.8248928861665,476.370110810037,472.3824987583436,4.321117045907215,1.0987143137388742,3.222402732168341,0.0,hold,,0.0
2022-01-04,476.0710144042969,477.7358557966811,478.49351181034876,474.10711428181503,4.434449847813312,0.9696376925159766,3.464812155297335,0.0,hold,,0.0
2022-01-05,466.929443359375,475.68225069524493,476.4997184766543,466.8297469723382,3.7434661779418548,0.22292321811561555,3.520542959826239,0.0,hold,,0.0
2022-01-06,466.49078369140625,466.440950711547,469.36186914639785,463.9885474719539,3.1244438285699516,-0.31687930500503025,3.441323133574982,-2.0,sell,0.0,0.0
2022-01-07,464.6465148925781,466.5007702896721,467.7468990377233,463.2109721409779,2.4567274531889325,-0.78767654430884,3.2444039974977725,0.0,hold,,0.0
2022-01-10,464.0683288574219,461.2670338395841,464.2975970784347,455.1859194079013,1.8594678462746401,-1.1079489209785063,2.9674167672531464,0.0,hold,,0.0
2022-01-11,468.2951965332031,463.7892058073162,468.3948929204311,460.6190310626342,1.7075249164608408,-1.0079134806338446,2.7154383970946854,0.0,hold,,0.0
2022-01-12,469.5612487792969,470.12949080132654,471.73452048096124,467.4877038871525,1.6700179578454026,-0.8363363513994262,2.506354309244829,0.0,hold,,0.0
2022-01-13,463.0913391113281,470.7276195728818,471.41548506148445,462.0047185161746,1.105482470227912,-1.1206974712135334,2.2261799414414454,0.0,hold,,0.0
2022-01-14,463.28076171875,459.761695358268,463.6496109597394,458.4756819744127,0.6656951312879755,-1.248387848122776,1.9140829794107515,0.0,hold,,0.0
2022-01-18,455.07623291015625,458.3161676044497,458.53548747760135,453.89989469191755,-0.34094619456465125,-1.8040233391803224,1.4630771446156712,0.0,hold,,0.0
2022-01-19,450.3509216308594,456.71116751682285,458.1865644578239,450.0618112479343,-1.5026877776174388,-2.372611937786488,0.8699241601690493,0.0,hold,,0.0
2022-01-20,445.3664245605469,452.3447457064312,457.3192820450448,443.12339276365543,-2.793383225474429,-2.9306459085147827,0.13726268304035372,0.0,hold,,0.0
2022-01-21,436.62359619140625,444.1801077061943,446.6723652592738,436.59369031769194,-4.470212027738455,-3.685979768623047,-0.7842322591154081,0.0,hold,,0.0
2022-01-24,438.4778137207031,430.6920036916728,439.01614986143454,419.45691778653617,-5.585109411474548,-3.840701721887312,-1.744407689587236,0.0,hold,,0.0
2022-01-25,433.12445068359375,431.718813792906,438.3581914705296,425.82711337055895,-6.822005445436332,-4.062078204679277,-2.7599272407570554,0.0,hold,,0.0
2022-01-26,432.037841796875,439.35510641658607,442.66483179141767,427.53182061186664,-7.800020933715189,-4.032074954366506,-3.7679459793486823,0.0,hold,,0.0
2022-01-27,429.9044494628906,436.9027281479461,440.22240182498757,428.1200149581554,-8.647568400647913,-3.903697937039384,-4.743870463608529,0.0,hold,,0.0
2022-01-28,440.581298828125,431.33998842552006,440.63113180955594,426.4950543847127,-8.361339049016408,-2.8939748683263034,-5.4673641806901045,0.0,hold,,0.0
2022-01-31,448.5166320800781,439.87346968972383,448.8854813221404,438.4479057022152,-7.408781331211799,-1.553133720417355,-5.855647610794444,0.0,hold,,0.0
2022-02-01,451.5472412109375,449.28425185404046,452.22512797220844,445.555844243984,-6.336286877122973,-0.3845114130628229,-5.95177546406015,0.0,hold,,0.0
2022-02-02,455.93359375,454.08931711289773,456.7011981087326,451.64689259037505,-5.073896582317616,0.7023031053940283,-5.776199687711644,2.0,hold,,0.0
2022-02-03,445.2168884277344,449.55342258711806,451.56715570631724,444.32963014959495,-4.881916045630248,0.7154269136651168,-5.597342959295365,0.0,hold,,0.0
2022-02-04,447.3103942871094,444.96766612097855,451.3777451956808,442.4554510564188,-4.508866256929252,0.8707813618928899,-5.379647618822142,0.0,hold,,0.0
2022-02-07,445.8748474121094,448.11787917165105,449.5932761471656,444.46921052536203,-4.279724250033155,0.87993869503119,-5.159662945064345,0.0,hold,,0.0
2022-02-08,449.54345703125,445.34650377240985,450.5204329578419,443.841170454197,-3.7587726311371625,1.1207122511417458,-4.879484882278908,0.0,hold,,0.0
2022-02-09,456.1230163574219,453.8101940491405,456.4619597335046,453.6008529333676,-2.782919506197743,1.6772523008649323,-4.460171807062675,0.0,hold,,0.0
2022-02-10,447.928466796875,449.94219992046527,456.2924672128952,445.81503728788493,-2.6403442934118857,1.4558620109206322,-4.096206304332518,0.0,hold,,0.0
2022-02-11,439.09588623046875,448.0181802368717,450.2113485798805,437.58060462495007,-3.203143994749837,0.7144498476661449,-3.917593842415982,0.0,hold,,0.0
2022-02-14,437.66033935546875,438.5575763841785,440.2323661044575,433.99174365683893,-3.722097426057303,0.15639713308694336,-3.8784945591442463,0.0,hold,,0.0
2022-02-15,444.71844482421875,442.35578952644664,444.89788006689525,441.80747460973606,-3.523228055061111,0.2842132032665088,-3.8074412583276196,0.0,hold,,0.0
2022-02-16,445.2168884277344,442.5551440163815,446.6723582975899,440.57131677043054,-3.287506088842804,0.4159481355878527,-3.7034542244306565,0.0,hold,,0.0
2022-02-17,435.7064208984375,441.84734700316324,445.18697812361376,435.06841880113694,-3.824028954241385,-0.09645978384858234,-3.7275691703928024,-2.0,sell,0.0,0.0
2022-02-18,432.88519287109375,435.9755677771628,437.3014657802766,430.4826530334566,-4.425858176273493,-0.5586312047045525,-3.867226971568941,0.0,hold,,0.0
2022-02-22,428.2396240234375,430.5524462580336,434.15125144304375,424.54109203191075,-5.217526356011717,-1.0802395075542206,-4.137286848457497,0.0,hold,,0.0
2022-02-23,420.6432189941406,431.3200412496958,431.91818911436536,420.045071129471,-6.384301241550986,-1.7976115144747915,-4.586689727076195,0.0,hold,,0.0
2022-02-24,426.9735412597656,409.7470586960369,427.43213854279264,409.3682611127167,-6.720702566678028,-1.7072102716814666,-5.013492294996562,0.0,hold,,0.0
2022-02-25,436.394287109375,428.27948210751373,436.48400472837267,426.53490186207364,-6.156163165977603,-0.9141366967848326,-5.24202646919277,0.0,hold,,0.0
2022-02-28,435.27777099609375,430.69201101415183,436.8429160408483,429.3661433821601,-5.732771323571228,-0.3925958835027661,-5.340175440068462,0.0,hold,,0.0
2022-03-01,428.64837646484375,433.69270337072,435.81611169564513,425.7872392088752,-5.864563930177951,-0.4195107920875909,-5.44505313809036,0.0,hold,,0.0
2022-03-02,436.53387451171875,431.0309504149189,438.35819363746293,430.2334401745744,-5.271945029276594,0.13848648705101319,-5.410431516327607,2.0,hold,,0.0
2022-03-03,434.360595703125,439.1058636976569,439.74386579485986,432.45650733072296,-4.920930296443714,0.3916009759071146,-5.312531272350829,0.0,hold,,0.0
2022-03-04,430.8315734863281,430.41286084932455,432.0278388063613,426.55485119127803,-4.8713572176844195,0.35293924373312713,-5.224296461417547,0.0,hold,,0.0
2022-03-07,418.1310119628906,430.2134712810831,430.96114852030854,418.0612214523607,-5.7901540755952965,-0.4526860913421995,-5.337467984253097,-2.0,sell,0.0,0.0
2022-03-08,414.96087646484375,418.3204347291329,425.88692489786814,413.8343711997833,-6.696912803710404,-1.0875558555658458,-5.609356948144558,0.0,hold,,0.0
2022-03-09,426.0863037109375,423.8233449125643,428.1798060406695,421.5105227116592,-6.443519744240916,-0.6673302368770866,-5.77618950736383,0.0,hold,,0.0
2022-03-10,424.16229248046875,421.21143774394676,425.1093320611974,419.1378929238844,-6.325044371369245,-0.4390838912043318,-5.885960480164913,0.0,hold,,0.0
2022-03-11,418.76904296875,426.79409980497815,427.4420806586938,418.2307068399881,-6.5903722383291665,-0.5635294065314023,-6.026842831797764,0.0,hold,,0.0
2022-03-14,415.70855712890625,419.5865244591515,423.235162720647,414.5023129995805,-6.96728756019894,-0.7523557827209402,-6.214931777478,0.0,hold,,0.0
2022-03-15,424.85015869140625,418.469955246134,425.5180666547352,417.12416055424086,-6.453947729781248,-0.19121276184259806,-6.26273496793865,0.0,hold,,0.0
2022-03-16,434.2708740234375,428.55863938271153,434.3306857687702,423.4843764101578,-5.226699087100769,0.8288287046703049,-6.055527791771074,2.0,hold,,0.0
2022-03-17,439.7040100097656,432.2471646768479,439.70401000976557,431.8484095646366,-3.7722034155830215,1.8266595009504432,-5.598862916533465,0.0,hold,,0.0
2022-03-18,444.5199890136719,438.0,444.8599853515625,437.2200012207031,-2.205472545386158,2.7147122969178454,-4.920184842304003,0.0,hold,,0.0
2022-03-21,444.3900146484375,444.3399963378906,446.4599914550781,440.67999267578125,-0.9632115845340081,3.1655786062159965,-4.128790190750005,0.0,hold,,0.0
2022-03-22,449.5899963378906,445.8599853515625,450.5799865722656,445.8599853515625,0.43585991938954294,3.651720088111638,-3.215860168722095,0.0,hold,,0.0
2022-03-23,443.79998779296875,446.9100036621094,448.489990234375,443.7099914550781,1.065150473929691,3.4248085141214295,-2.3596580401917384,0.0,hold,,0.0
2022-03-24,450.489990234375,445.94000244140625,450.5,444.760009765625,2.0797213256739155,3.5515034926925235,-1.4717821670186078,0.0,hold,,0.0
2022-03-25,452.69000244140625,451.1600036621094,452.9800109863281,448.42999267578125,3.0264120399868375,3.5985553656043563,-0.5721433256175188,0.0,hold,,0.0
2022-03-28,455.9100036621094,452.05999755859375,455.9100036621094,450.05999755859375,3.9904984572397666,3.650113426285828,0.3403850309539383,0.0,hold,,0.0
2022-03-29,461.54998779296875,460.0199890136719,462.07000732421875,457.17999267578125,5.1502743164410845,3.847911428389717,1.3023628880513676,0.0,hold,,0.0
2022-03-30,458.70001220703125,460.3399963378906,461.20001220703125,456.4700012207031,5.7728895517925025,3.5764213309929076,2.196468220799595,0.0,hold,,0.0
2022-03-31,451.6400146484375,457.8900146484375,458.760009765625,451.1600036621094,5.6317149075584325,2.7481973494070697,2.883517558151363,0.0,hold,,0.0
2022-04-01,452.9200134277344,453.30999755859375,453.4599914550781,449.1400146484375,5.5590370700248855,2.140415609498818,3.4186214605260674,0.0,hold,,0.0
2022-04-04,456.79998779296875,453.1300048828125,456.9100036621094,452.260009765625,5.748258519098158,1.8637096468576724,3.8845488722404857,0.0,hold,,0.0
2022-04-05,451.0299987792969,455.2200012207031,457.8299865722656,449.82000732421875,5.37071769868777,1.188935061157827,4.181782637529943,0.0,hold,,0.0
2022-04-06,446.5199890136719,446.8900146484375,448.92999267578125,443.4700012207031,4.65394598972739,0.3777306817579582,4.276215307969432,0.0,hold,,0.0
